0,0,0,0,0,0,0,0,0,0,0,0,0,0,0,0,0,0,0,0,0,0,0,0,0,0,0,0,0,0,0,0,0,0,0,0,0,0,0,0,0,0,0,0,0,0,0,0,0,0,0,0,0,0,0,0,0,0,0,0,0,0,0,0,0,0,0,0,0,0,0,0,0,0,0,0,0,0,0,0,0
1.155892,1.146603,1.179142,1.178239,1.091018,1.096165,1.09148,1.174987,1.161136,1.082089,1.14678,1.138051,1.041839,1.102536,1.114332,1.136256,1.148252,1.192197,1.107569,1.086609,1.173308,1.220349,1.276993,1.234104,1.200919,1.179252,1.055159,1.1404,1.173451,1.167868,1.146441,1.150256,1.145677,1.152423,1.141095,1.145843,1.149887,1.151312,1.154441,1.14545,1.143379,1.143888,1.149901,1.147438,1.142558,1.143187,1.144433,1.141365,1.147783,1.140681,1.143123,1.142212,1.144199,1.143101,1.152064,1.142473,1.144479,1.149856,1.152983,1.146371,1.148223,1.145558,1.142038,1.142993,1.141989,1.14787,1.182562,1.144539,1.136383,1.141341,1.13535,1.144201,1.138935,1.184511,1.184511,1.145685,1.144789,1.184511,1.142784,1.146949,1.143594
0.107843,0.107326,0.106957,0.104943,0.110898,0.110986,0.110905,0.104517,0.106989,0.11215,0.108149,0.108352,0.112174,0.110582,0.111019,0.108883,0.107628,0.104195,0.110535,0.11069,0.105734,0.100817,0.095418,0.099646,0.103219,0.105689,0.113952,0.107132,0.105815,0.106807,0.10786,0.107262,0.107863,0.108045,0.107243,0.107899,0.108041,0.108016,0.108064,0.107336,0.107802,0.108129,0.10764,0.107895,0.107977,0.107233,0.107143,0.107811,0.107404,0.107986,0.107209,0.107437,0.108718,0.108663,0.10828,0.108625,0.108458,0.107977,0.107109,0.107077,0.10793,0.108105,0.107259,0.108147,0.107307,0.107628,0.109776,0.107229,0.106583,0.108041,0.107123,0.10743,0.107778,0.109635,0.109635,0.107607,0.108123,0.109635,0.106696,0.107386,0.107831
0.098272,0.09985501,0.096642,0.097336,0.103641,0.105396,0.105431,0.09499,0.096728,0.105918,0.098777,0.099782,0.107921,0.104404,0.102328,0.100157,0.09972899,0.095747,0.104395,0.105343,0.09706099,0.092349,0.08652201,0.090824,0.094663,0.095291,0.107259,0.09986,0.097109,0.09761,0.099275,0.098819,0.099389,0.099408,0.09982,0.099499,0.098848,0.09914,0.099636,0.100253,0.099291,0.099569,0.09993599,0.100195,0.099101,0.100117,0.099691,0.099387,0.100225,0.099232,0.099956,0.100038,0.099511,0.099549,0.098723,0.09956,0.099694,0.099475,0.100522,0.100209,0.099584,0.099491,0.100302,0.099771,0.0995,0.099403,0.100321,0.100196,0.100098,0.099603,0.100487,0.100896,0.100759,0.100395,0.100395,0.099849,0.100467,0.100395,0.100338,0.100716,0.10001
0.102973,0.104463,0.10144,0.099917,0.110684,0.110578,0.110176,0.100084,0.101526,0.112111,0.103215,0.104424,0.114784,0.10941,0.108643,0.105072,0.104313,0.099538,0.108921,0.1098,0.100916,0.094396,0.08972,0.09288,0.097634,0.100415,0.114385,0.105217,0.101081,0.102146,0.103849,0.104559,0.103954,0.103772,0.104371,0.104064,0.103724,0.103938,0.103807,0.103928,0.104516,0.104692,0.104087,0.104672,0.104419,0.104332,0.104046,0.104938,0.104269,0.104628,0.104224,0.104282,0.10426,0.104517,0.103964,0.104474,0.105313,0.103524,0.103667,0.103344,0.103789,0.103983,0.103652,0.10401,0.104191,0.103943,0.10476,0.10422,0.10387,0.104298,0.104459,0.104615,0.104502,0.104886,0.104886,0.104059,0.104302,0.104886,0.104543,0.104542,0.104784
0.09994899,0.100506,0.097799,0.09807499,0.106625,0.10734,0.10741,0.096676,0.09877,0.108246,0.100123,0.10055,0.112738,0.10508,0.104311,0.101401,0.100365,0.096944,0.105265,0.107297,0.098233,0.093389,0.089264,0.091927,0.095587,0.097236,0.110871,0.101133,0.098261,0.099127,0.100408,0.100301,0.100138,0.1002,0.100501,0.100428,0.099942,0.100219,0.100204,0.100414,0.10072,0.101012,0.100135,0.100788,0.100481,0.100759,0.100366,0.100014,0.100555,0.100185,0.10051,0.100637,0.100785,0.100803,0.100289,0.100921,0.100078,0.100316,0.100342,0.100505,0.100449,0.100726,0.100638,0.100705,0.100783,0.100813,0.101138,0.10074,0.100861,0.100949,0.100939,0.101261,0.100676,0.101337,0.101337,0.100865,0.10107,0.101337,0.100911,0.10076,0.101561
0.106774,0.106806,0.105003,0.104851,0.112138,0.112031,0.112504,0.103297,0.105347,0.113763,0.106919,0.106403,0.117657,0.111068,0.109945,0.107152,0.106821,0.103685,0.110403,0.112197,0.104557,0.100205,0.09709,0.099544,0.102033,0.103978,0.115629,0.106767,0.105475,0.105155,0.10681,0.106164,0.106622,0.10649,0.106611,0.10681,0.1065,0.106689,0.106081,0.106373,0.106816,0.106554,0.106338,0.106432,0.106718,0.10648,0.106151,0.106999,0.106315,0.10683,0.106455,0.106227,0.106632,0.106855,0.106292,0.106734,0.107121,0.106577,0.106165,0.105906,0.106248,0.106282,0.106175,0.106499,0.106524,0.106928,0.107298,0.106583,0.106471,0.106802,0.106793,0.106696,0.107224,0.10721,0.10721,0.10629,0.106665,0.10721,0.10673,0.107186,0.107131
0.101101,0.102038,0.10106,0.100704,0.105878,0.106689,0.106326,0.099544,0.099489,0.106545,0.101042,0.102358,0.1095,0.104632,0.103937,0.102933,0.101163,0.100171,0.104653,0.106286,0.100041,0.096588,0.094304,0.096234,0.096948,0.098986,0.107881,0.101935,0.10111,0.102277,0.101764,0.102158,0.101883,0.102689,0.101206,0.101837,0.102188,0.102562,0.102388,0.102319,0.10106,0.101693,0.102439,0.101284,0.10192,0.102149,0.101611,0.102031,0.103068,0.101405,0.101696,0.101628,0.101567,0.101134,0.103103,0.10111,0.101201,0.102071,0.102048,0.100846,0.100459,0.100673,0.100579,0.101084,0.100871,0.101678,0.102222,0.100905,0.10142,0.101221,0.101454,0.101339,0.101459,0.101415,0.101415,0.101084,0.100822,0.101415,0.101252,0.101061,0.101712
0.108358,0.108741,0.106942,0.106013,0.111196,0.110748,0.110769,0.108396,0.106664,0.109729,0.106904,0.10735,0.113923,0.109246,0.108773,0.108212,0.107069,0.105674,0.108658,0.111492,0.106604,0.108371,0.108877,0.108922,0.108094,0.107172,0.111182,0.109271,0.106798,0.106847,0.108244,0.108011,0.107639,0.107749,0.109431,0.10753,0.107861,0.107871,0.107977,0.107311,0.108954,0.108853,0.107504,0.108901,0.108521,0.109251,0.108893,0.108871,0.107676,0.10875,0.108881,0.109133,0.107299,0.107725,0.107692,0.107498,0.107413,0.10754,0.10809,0.109294,0.108829,0.109068,0.109539,0.107889,0.109591,0.107069,0.107225,0.109004,0.109154,0.108941,0.10949,0.109228,0.108206,0.108445,0.108445,0.108842,0.109023,0.108445,0.109102,0.108781,0.108415
0.110001,0.109358,0.107657,0.109673,0.10472,0.102227,0.104304,0.112353,0.111914,0.104882,0.109588,0.108687,0.103428,0.106018,0.106922,0.108678,0.109961,0.11014,0.10615,0.104574,0.110862,0.11594,0.120476,0.117482,0.114637,0.112596,0.105422,0.110039,0.108966,0.106584,0.107417,0.106834,0.107789,0.10476,0.109562,0.107919,0.105902,0.104682,0.106578,0.107924,0.109275,0.108882,0.107354,0.109193,0.108954,0.108896,0.108129,0.109362,0.106252,0.109309,0.108438,0.109221,0.109078,0.10999,0.105145,0.109962,0.11016,0.107452,0.107371,0.109367,0.110988,0.110025,0.110146,0.110378,0.109941,0.1079,0.105771,0.10948,0.110754,0.109772,0.110982,0.109471,0.109649,0.107788,0.107788,0.110737,0.108984,0.107788,0.109472,0.110186,0.109849
0.095428,0.095766,0.095713,0.096237,0.092082,0.091416,0.092117,0.097226,0.097083,0.091733,0.095622,0.095669,0.089599,0.093126,0.09358799,0.094883,0.09549,0.096972,0.092588,0.091863,0.09675,0.100307,0.103637,0.101202,0.098047,0.097289,0.08992501,0.094911,0.096098,0.09516,0.094861,0.094502,0.095082,0.093954,0.094931,0.094998,0.094649,0.094197,0.094177,0.095164,0.094721,0.09465799,0.094395,0.095125,0.095542,0.09520201,0.09459101,0.094681,0.094498,0.094833,0.094512,0.095153,0.095365,0.094848,0.094616,0.095194,0.094915,0.094648,0.09537899,0.095309,0.095126,0.09459101,0.09582499,0.094813,0.09510601,0.095063,0.094007,0.095281,0.094926,0.094795,0.095179,0.094436,0.094639,0.094474,0.094474,0.094614,0.094921,0.094474,0.095273,0.09531099,0.095295
0.102345,0.101216,0.103155,0.103543,0.09810399,0.09773999,0.09828,0.103701,0.103227,0.098222,0.101669,0.101833,0.095447,0.098896,0.099625,0.101343,0.101595,0.104662,0.098946,0.09787101,0.103624,0.106791,0.110302,0.107337,0.104726,0.104075,0.096278,0.101576,0.103497,0.103059,0.101886,0.102659,0.101781,0.101819,0.101391,0.101648,0.101984,0.101609,0.10213,0.101527,0.10245,0.102703,0.102274,0.101741,0.102421,0.101886,0.101946,0.101866,0.102174,0.102129,0.101803,0.101375,0.101577,0.101882,0.101625,0.102262,0.102212,0.102158,0.101946,0.101939,0.102024,0.102262,0.101785,0.101871,0.101284,0.101256,0.101951,0.101586,0.101527,0.101289,0.101372,0.102277,0.101818,0.102455,0.102455,0.102177,0.10177,0.102455,0.101913,0.101693,0.101794
0.100614,0.100384,0.102771,0.102338,0.097512,0.097419,0.097075,0.101868,0.101171,0.09657,0.100731,0.100749,0.09465899,0.098153,0.099193,0.100726,0.100968,0.103369,0.098839,0.097438,0.102875,0.104618,0.106384,0.104683,0.103442,0.10251,0.096331,0.100584,0.102559,0.102719,0.1012,0.100491,0.101261,0.101804,0.100613,0.10106,0.100686,0.101682,0.101347,0.101216,0.100676,0.100842,0.100612,0.101527,0.101045,0.100088,0.10145,0.100811,0.100565,0.101089,0.101706,0.100826,0.101135,0.100925,0.101514,0.101047,0.101089,0.101133,0.100891,0.100884,0.10129,0.10164,0.10057,0.100938,0.101367,0.101314,0.102577,0.101289,0.10075,0.101353,0.100284,0.101246,0.100773,0.102801,0.102801,0.101647,0.101575,0.102801,0.100858,0.10161,0.101736
0.101227,0.100652,0.102105,0.102639,0.098372,0.098833,0.098154,0.101887,0.101302,0.09849,0.101018,0.100919,0.096439,0.09879901,0.099577,0.100944,0.100949,0.103097,0.099884,0.09894,0.102219,0.102494,0.101368,0.10234,0.102295,0.102529,0.097649,0.10056,0.102223,0.10182,0.101424,0.101502,0.10147,0.102013,0.10071,0.101487,0.101571,0.102018,0.101989,0.101673,0.101128,0.101303,0.101487,0.10175,0.100705,0.100914,0.101421,0.101331,0.101148,0.100719,0.101171,0.101258,0.101388,0.100585,0.101766,0.10043,0.100467,0.101478,0.101737,0.101594,0.101445,0.101499,0.101134,0.101196,0.10141,0.101406,0.102665,0.100866,0.100628,0.101542,0.100779,0.101694,0.100977,0.102037,0.102037,0.101584,0.101614,0.102037,0.10113,0.101387,0.101478
0.109962,0.109387,0.109431,0.108438,0.110525,0.110271,0.110127,0.10826,0.108715,0.109641,0.110229,0.109893,0.108907,0.10996,0.110528,0.110001,0.10948,0.10893,0.109995,0.109499,0.109107,0.106329,0.10217,0.104984,0.10773,0.109091,0.110257,0.109445,0.109408,0.109807,0.11012,0.1096,0.109938,0.110068,0.109392,0.110062,0.110063,0.109815,0.109572,0.109445,0.109173,0.109679,0.109784,0.109231,0.109635,0.109051,0.110098,0.10889,0.110253,0.109795,0.109197,0.109425,0.109054,0.109534,0.109194,0.109481,0.109513,0.109212,0.109938,0.109795,0.10932,0.109019,0.109859,0.109139,0.10912,0.109816,0.109869,0.109942,0.108722,0.109276,0.109485,0.11003,0.109732,0.110423,0.110423,0.10926,0.110039,0.110423,0.109856,0.110161,0.109445
0.103551,0.103874,0.102421,0.102202,0.106772,0.108084,0.10777,0.101231,0.10244,0.107556,0.103365,0.103821,0.109568,0.107305,0.105925,0.104561,0.104055,0.101347,0.107005,0.107846,0.10216,0.097745,0.094332,0.096603,0.100385,0.101401,0.108674,0.104162,0.10234,0.102715,0.103373,0.103276,0.103259,0.103388,0.103695,0.103631,0.103914,0.103452,0.10388,0.104011,0.104453,0.104463,0.103407,0.104492,0.104122,0.104039,0.103497,0.103912,0.103662,0.104132,0.104336,0.103436,0.104314,0.104255,0.103706,0.104391,0.104185,0.103884,0.104017,0.103879,0.104066,0.104207,0.103803,0.103923,0.103855,0.103346,0.103977,0.104046,0.103657,0.104026,0.103778,0.104221,0.104074,0.104142,0.104142,0.104068,0.103919,0.104142,0.104076,0.103643,0.104409
0.100692,0.10158,0.09974299,0.099893,0.10649,0.105926,0.10617,0.09883,0.100068,0.107021,0.101489,0.101439,0.109282,0.10504,0.105021,0.101999,0.101566,0.098912,0.105484,0.105824,0.099642,0.096583,0.093239,0.095602,0.097983,0.099141,0.109087,0.101882,0.099885,0.099968,0.102377,0.102129,0.102549,0.102212,0.102115,0.102129,0.101663,0.102013,0.101824,0.101814,0.102164,0.102544,0.102371,0.102562,0.102202,0.102217,0.102072,0.10192,0.102416,0.102158,0.102654,0.102265,0.101971,0.102077,0.101582,0.10233,0.10228,0.101439,0.101552,0.101857,0.101815,0.101888,0.10214,0.101901,0.101964,0.101897,0.101814,0.101561,0.101226,0.10179,0.101397,0.10198,0.101692,0.102314,0.102314,0.101749,0.102173,0.102314,0.101845,0.102204,0.102373
0.102603,0.102897,0.101532,0.101278,0.106164,0.106208,0.106107,0.100847,0.101589,0.107225,0.102291,0.102421,0.108529,0.105536,0.104783,0.103516,0.103029,0.101016,0.105119,0.106295,0.101835,0.099796,0.099188,0.099399,0.100915,0.101017,0.108582,0.103296,0.101523,0.10182,0.102639,0.102562,0.102408,0.102523,0.1028,0.102601,0.102499,0.102285,0.102475,0.102912,0.103272,0.103005,0.10257,0.10299,0.103019,0.102946,0.1032,0.102911,0.102923,0.103077,0.103082,0.102654,0.103108,0.103229,0.102666,0.103161,0.10314,0.102693,0.102977,0.102984,0.103079,0.103122,0.103355,0.103058,0.103126,0.102937,0.103229,0.103355,0.102879,0.103642,0.103559,0.103871,0.103845,0.103311,0.103311,0.103825,0.103286,0.103311,0.103867,0.103458,0.103515
0.705377,0.711496,0.703697,0.701772,0.727982,0.720705,0.724185,0.701898,0.702964,0.722061,0.707949,0.710959,0.735411,0.714513,0.712008,0.710233,0.706869,0.699986,0.717665,0.726188,0.702321,0.685575,0.668505,0.683522,0.690023,0.698808,0.72372,0.711589,0.704169,0.709227,0.708756,0.708916,0.708177,0.71058,0.709869,0.70872,0.708343,0.710798,0.708891,0.709528,0.7090999,0.708266,0.709559,0.707745,0.710695,0.712116,0.709656,0.711642,0.711397,0.709667,0.710141,0.709869,0.707545,0.70596,0.709515,0.706748,0.706633,0.710027,0.711367,0.709493,0.705972,0.706446,0.7097329,0.708704,0.710794,0.710891,0.713278,0.71099,0.711549,0.712293,0.712556,0.709512,0.710028,0.711128,0.711128,0.707877,0.710497,0.711128,0.711608,0.709591,0.711185
1.147188,1.137539,1.179442,1.169304,1.090823,1.110146,1.093255,1.153727,1.148798,1.085039,1.136835,1.125873,1.048217,1.097412,1.104899,1.124683,1.140529,1.186928,1.109661,1.090896,1.163887,1.19821,1.254787,1.21099,1.181633,1.165152,1.069342,1.124997,1.165054,1.161748,1.139045,1.139705,1.140941,1.151174,1.124146,1.139484,1.146803,1.148991,1.151102,1.140406,1.125678,1.126701,1.147576,1.13258,1.127941,1.133334,1.135109,1.131608,1.14218,1.124051,1.130734,1.128643,1.134963,1.129907,1.151904,1.130319,1.132921,1.137856,1.140238,1.127477,1.129009,1.123492,1.111971,1.122398,1.120502,1.138221,1.150787,1.12529,1.119582,1.11822,1.110828,1.117613,1.118582,1.145852,1.145852,1.125144,1.127767,1.145852,1.117901,1.123054,1.122348
0.109228,0.110564,0.101353,0.102786,0.108668,0.103394,0.107405,0.110005,0.107649,0.108182,0.107721,0.107575,0.110419,0.107453,0.107989,0.111659,0.108839,0.103978,0.107453,0.109106,0.106457,0.10743,0.10286,0.108086,0.106944,0.108524,0.112072,0.112217,0.104975,0.104489,0.104415,0.10337,0.103831,0.102081,0.109519,0.105485,0.102665,0.102155,0.102616,0.106019,0.109276,0.110054,0.105751,0.108765,0.108377,0.109446,0.106238,0.109422,0.105825,0.108524,0.107866,0.110224,0.107429,0.109228,0.103881,0.109228,0.109544,0.106871,0.107018,0.108135,0.108208,0.108548,0.108913,0.107479,0.109788,0.106628,0.104101,0.107333,0.111635,0.108038,0.112826,0.109666,0.110007,0.10602,0.10602,0.109447,0.107212,0.10602,0.107941,0.109764,0.109788
0.099919,0.09989399,0.09559301,0.096929,0.100016,0.098217,0.100137,0.09872799,0.09792601,0.100064,0.09860601,0.099336,0.101134,0.100259,0.099992,0.0997,0.098946,0.095641,0.099262,0.100259,0.098024,0.09603,0.091922,0.095325,0.09727,0.097538,0.101475,0.100526,0.097246,0.09746499,0.099286,0.098825,0.098338,0.097172,0.100647,0.098704,0.09743901,0.097319,0.097974,0.0988,0.099943,0.100769,0.098313,0.100258,0.100138,0.100283,0.099408,0.10004,0.09795,0.100187,0.09999099,0.100332,0.099287,0.099919,0.097416,0.100016,0.099992,0.097586,0.097684,0.098655,0.099117,0.099361,0.099847,0.098777,0.099337,0.097562,0.09719799,0.099506,0.099653,0.099045,0.100357,0.099774,0.099021,0.098193,0.098193,0.09921499,0.099239,0.098193,0.09941,0.100333,0.100041
0.096832,0.097075,0.093818,0.09496,0.099554,0.098338,0.099627,0.095617,0.096249,0.099626,0.096686,0.097562,0.101547,0.099603,0.099555,0.098193,0.09675901,0.093916,0.098412,0.099578,0.095398,0.092555,0.088179,0.09202,0.093746,0.095691,0.101256,0.099019,0.095034,0.095253,0.096126,0.097026,0.096613,0.09578601,0.097682,0.09688099,0.09581099,0.095885,0.095325,0.096102,0.097731,0.098023,0.095859,0.097901,0.097586,0.096929,0.09756099,0.09707399,0.09649099,0.097562,0.097221,0.097683,0.09639399,0.097051,0.095204,0.097124,0.097367,0.09744,0.096906,0.098437,0.099069,0.09885,0.099142,0.098826,0.098194,0.09732,0.096153,0.098073,0.097975,0.098729,0.09902,0.09909301,0.098218,0.097148,0.097148,0.098607,0.098291,0.097148,0.09834,0.098875,0.09970099
0.097586,0.098363,0.094936,0.09637,0.101766,0.100186,0.102009,0.095738,0.09734301,0.10264,0.09792601,0.098655,0.104512,0.101571,0.101062,0.099068,0.098071,0.094402,0.100696,0.101936,0.09617601,0.092336,0.088811,0.091995,0.094596,0.09535,0.104756,0.099432,0.096055,0.096201,0.098265,0.098363,0.097998,0.097317,0.099165,0.09778,0.097245,0.0971,0.097366,0.098411,0.099773,0.099821,0.097511,0.099602,0.098801,0.0988,0.098922,0.098776,0.09812,0.099628,0.09863,0.099384,0.098582,0.098849,0.097221,0.099287,0.099068,0.097781,0.098195,0.098923,0.09921499,0.099871,0.100017,0.09885,0.099555,0.09795099,0.097514,0.09909301,0.098826,0.099823,0.099288,0.100551,0.09941,0.098874,0.098874,0.099579,0.09953099,0.098874,0.099871,0.10026,0.100065
0.097391,0.097294,0.095787,0.095665,0.101644,0.100307,0.102276,0.096102,0.09675901,0.102446,0.09814499,0.098412,0.106262,0.101231,0.100867,0.098849,0.097415,0.094937,0.100259,0.101668,0.095909,0.093625,0.090221,0.092457,0.094815,0.09603,0.105631,0.098435,0.096104,0.096687,0.097803,0.097002,0.096953,0.096783,0.09812,0.097488,0.096589,0.09688099,0.097099,0.097877,0.098193,0.099068,0.097122,0.099091,0.09860601,0.09743901,0.09765799,0.098217,0.097609,0.098194,0.098484,0.098461,0.097998,0.098266,0.096832,0.098314,0.097755,0.097538,0.098243,0.098971,0.098388,0.098972,0.09958,0.09834,0.09941,0.09795099,0.098243,0.099604,0.099045,0.099604,0.099677,0.100478,0.09970099,0.098898,0.098898,0.099871,0.099871,0.098898,0.099871,0.099993,0.100114
0.10111,0.10162,0.099603,0.099578,0.105046,0.103855,0.104342,0.100234,0.100016,0.105484,0.101475,0.101863,0.107477,0.104367,0.104075,0.102665,0.101766,0.099773,0.10371,0.104536,0.100575,0.098559,0.097537,0.098339,0.098874,0.100308,0.107236,0.102227,0.100187,0.100357,0.101425,0.101377,0.100963,0.101133,0.101765,0.101061,0.100867,0.100454,0.100477,0.100818,0.10196,0.101911,0.100841,0.101789,0.101888,0.101547,0.101741,0.101109,0.101085,0.102107,0.101596,0.101377,0.101328,0.101328,0.100429,0.10128,0.101912,0.101329,0.10116,0.10201,0.101961,0.101621,0.101937,0.101888,0.101937,0.101281,0.10116,0.101767,0.101816,0.102278,0.101937,0.102544,0.101597,0.101985,0.101985,0.103079,0.101888,0.101985,0.102472,0.102277,0.102642
0.098971,0.098193,0.098315,0.098047,0.099942,0.09914,0.09989399,0.098339,0.098364,0.099967,0.098461,0.09885,0.101717,0.099481,0.099214,0.099117,0.09812,0.097902,0.099554,0.099943,0.098752,0.097854,0.097464,0.09756099,0.097731,0.09834,0.101475,0.099237,0.098437,0.098194,0.09829,0.09824099,0.09863,0.09802201,0.098946,0.098655,0.098047,0.098655,0.098411,0.098655,0.098971,0.099335,0.09807,0.099359,0.09902,0.098946,0.098654,0.098921,0.098533,0.098972,0.099457,0.098971,0.09860601,0.098776,0.098388,0.09872799,0.098849,0.09868,0.098972,0.098826,0.09868,0.09958,0.099264,0.098826,0.098778,0.098073,0.09783,0.098899,0.098316,0.098778,0.099069,0.099288,0.098632,0.098485,0.098485,0.09804799,0.099361,0.098485,0.098802,0.098802,0.098972
0.09989499,0.10038,0.100308,0.100647,0.100112,0.099796,0.099919,0.100405,0.100187,0.099845,0.099943,0.10004,0.101109,0.099506,0.099797,0.099992,0.100137,0.100624,0.100089,0.100307,0.100138,0.10094,0.102106,0.100988,0.100575,0.100454,0.1006,0.100039,0.100041,0.100186,0.10038,0.100283,0.09986901,0.100015,0.100186,0.100016,0.100186,0.10004,0.100161,0.100283,0.100307,0.100502,0.100209,0.100501,0.100599,0.100307,0.100283,0.10021,0.099845,0.1006,0.10004,0.100405,0.100137,0.099919,0.100308,0.099967,0.100089,0.100041,0.09992,0.100089,0.100454,0.100382,0.099969,0.099749,0.100042,0.099993,0.099969,0.100138,0.09970099,0.10009,0.099652,0.100041,0.099628,0.100332,0.100332,0.100163,0.100017,0.100332,0.099774,0.10026,0.100576
0.105242,0.104585,0.105533,0.10495,0.10371,0.103418,0.103905,0.105192,0.104683,0.103102,0.104488,0.104537,0.103005,0.103273,0.103662,0.104804,0.104172,0.106311,0.103832,0.103807,0.105412,0.106457,0.107113,0.106335,0.105558,0.105363,0.102836,0.10473,0.105534,0.105558,0.105022,0.103953,0.104876,0.105046,0.104147,0.104682,0.104731,0.104902,0.104779,0.104706,0.104221,0.104196,0.10524,0.10422,0.10461,0.104852,0.104998,0.104876,0.105022,0.104416,0.104439,0.104488,0.104245,0.104172,0.104634,0.104148,0.104196,0.104416,0.104976,0.104659,0.104003,0.104125,0.103736,0.104197,0.10466,0.104684,0.104976,0.104416,0.104684,0.104538,0.104441,0.104635,0.104319,0.104877,0.104877,0.104368,0.104246,0.104877,0.104757,0.104222,0.104149
0.103735,0.103151,0.10461,0.104658,0.102689,0.103296,0.102714,0.103929,0.104027,0.102203,0.103516,0.103492,0.101596,0.102665,0.103055,0.103151,0.103127,0.104731,0.103613,0.103054,0.103953,0.104804,0.106554,0.105266,0.104634,0.103784,0.101037,0.102762,0.10461,0.1041,0.102737,0.103588,0.103175,0.10388,0.103029,0.103224,0.103637,0.103759,0.103734,0.103661,0.103054,0.102762,0.103223,0.10332,0.102811,0.103418,0.102932,0.10332,0.103661,0.103128,0.10354,0.103662,0.103078,0.102957,0.103905,0.102786,0.102908,0.103735,0.103688,0.102933,0.102763,0.102715,0.10342,0.102812,0.103323,0.103493,0.10359,0.103177,0.103128,0.103056,0.103371,0.102107,0.102909,0.103006,0.103006,0.102666,0.103152,0.103006,0.102837,0.102642,0.102715
0.099554,0.099335,0.100162,0.0988,0.097463,0.097998,0.097707,0.098873,0.09872799,0.097026,0.099092,0.099117,0.097245,0.097804,0.097853,0.099019,0.099457,0.100259,0.098047,0.097949,0.099408,0.100357,0.100356,0.100234,0.100235,0.099773,0.09676,0.098897,0.099749,0.099651,0.098581,0.098168,0.098946,0.099237,0.09829,0.099116,0.098898,0.099044,0.099602,0.098995,0.098436,0.098411,0.09882399,0.098265,0.09860601,0.09863,0.098897,0.099116,0.09882399,0.098437,0.098436,0.098485,0.098776,0.099117,0.099262,0.098873,0.098776,0.098801,0.098438,0.09814499,0.098072,0.097975,0.097319,0.09841301,0.097587,0.09851,0.097976,0.097586,0.098243,0.09719799,0.097805,0.09744,0.09817,0.09829,0.09829,0.097538,0.097732,0.09829,0.097125,0.097586,0.097635
0.100162,0.100404,0.101401,0.100307,0.099408,0.099942,0.099603,0.100186,0.100551,0.099043,0.10021,0.099968,0.098047,0.099432,0.099968,0.099724,0.100721,0.101231,0.10004,0.099456,0.100988,0.101377,0.101012,0.100915,0.101183,0.101037,0.098485,0.09986901,0.100916,0.100623,0.100355,0.100113,0.100671,0.101084,0.100113,0.100648,0.101279,0.100891,0.100745,0.100744,0.099505,0.099529,0.101132,0.100161,0.099675,0.100429,0.10038,0.100137,0.100574,0.099482,0.10004,0.100235,0.100137,0.100089,0.101109,0.100064,0.100065,0.100162,0.100601,0.09989499,0.09979799,0.099482,0.09953099,0.09989499,0.099653,0.100382,0.100503,0.099652,0.099264,0.09953099,0.100382,0.099482,0.09911799,0.099992,0.099992,0.099482,0.099652,0.099992,0.09970099,0.099239,0.099822
0.098047,0.097901,0.09756099,0.097512,0.097341,0.098168,0.097196,0.097172,0.097829,0.097609,0.098242,0.09812,0.096637,0.097804,0.097829,0.09829,0.098168,0.097974,0.097901,0.097585,0.098339,0.097148,0.096564,0.097682,0.097756,0.09795,0.097537,0.097585,0.097902,0.097974,0.09860501,0.09743901,0.098265,0.097609,0.09812,0.097925,0.09812,0.097659,0.098217,0.097901,0.097804,0.097633,0.09824,0.09753601,0.097901,0.09802201,0.097585,0.098168,0.098338,0.097805,0.09778,0.09765799,0.098363,0.098411,0.097828,0.09846,0.098339,0.098194,0.097952,0.09744,0.09792601,0.097683,0.096322,0.098024,0.098097,0.098267,0.098097,0.0971,0.097586,0.097927,0.097878,0.098534,0.099434,0.098193,0.098193,0.098024,0.097416,0.098193,0.09736799,0.098534,0.097708
0.09872799,0.099335,0.09863,0.098654,0.09999099,0.100331,0.100016,0.098265,0.099214,0.10021,0.098825,0.099409,0.0997,0.09989399,0.099968,0.099335,0.099408,0.098412,0.10021,0.099432,0.098558,0.097682,0.095422,0.096516,0.098315,0.09885,0.100333,0.099043,0.098704,0.098411,0.098362,0.098752,0.099359,0.099018,0.099043,0.099384,0.098922,0.09902,0.099651,0.099092,0.09936,0.099286,0.099164,0.099334,0.098898,0.099068,0.09918901,0.099116,0.099043,0.099361,0.098946,0.098801,0.099505,0.09931099,0.098825,0.09967601,0.099579,0.098801,0.099264,0.099239,0.099069,0.098704,0.099482,0.09909301,0.099312,0.098607,0.099507,0.099166,0.099069,0.099507,0.098437,0.098923,0.099094,0.099287,0.099287,0.098826,0.09921499,0.099287,0.099993,0.09909301,0.098996
0.098461,0.0988,0.097148,0.09753601,0.100112,0.100404,0.100453,0.09743901,0.098072,0.101012,0.098922,0.099263,0.101474,0.100453,0.100089,0.09863099,0.099092,0.097342,0.099821,0.100283,0.097853,0.096078,0.093526,0.095519,0.097002,0.097902,0.101475,0.098703,0.097635,0.097949,0.098387,0.098751,0.09882399,0.098435,0.098679,0.098849,0.098557,0.098436,0.098363,0.098849,0.098971,0.098922,0.098848,0.098994,0.099043,0.098533,0.098679,0.098703,0.098946,0.098996,0.098873,0.098776,0.098849,0.09918901,0.098168,0.099214,0.098971,0.09841301,0.098583,0.098461,0.098898,0.098534,0.098899,0.098923,0.098729,0.098705,0.098437,0.098729,0.098996,0.098924,0.09885,0.099142,0.099142,0.098655,0.098655,0.100041,0.09902,0.098655,0.09924,0.09921499,0.099045
0.098339,0.098995,0.097391,0.097488,0.101085,0.100963,0.101425,0.097172,0.098387,0.102032,0.098704,0.09909301,0.102325,0.101328,0.10111,0.099408,0.099019,0.09697799,0.100696,0.101133,0.097974,0.09581099,0.093599,0.095155,0.096832,0.09761,0.103006,0.099432,0.097805,0.097828,0.099043,0.09897,0.099091,0.098532,0.098921,0.098898,0.098557,0.098679,0.098363,0.098751,0.099214,0.099165,0.09879901,0.099699,0.099336,0.098654,0.099384,0.09882399,0.09882399,0.099312,0.098946,0.098801,0.099019,0.09936,0.098071,0.099554,0.09909301,0.098607,0.09834,0.099044,0.098826,0.098996,0.099385,0.09885,0.09911799,0.098632,0.098559,0.099385,0.098753,0.09894799,0.098778,0.099604,0.099142,0.099068,0.099068,0.099604,0.09953099,0.099068,0.099361,0.099288,0.09953099
0.6329,0.640017,0.638521,0.637957,0.641715,0.625403,0.632417,0.641854,0.642028,0.626774,0.64157,0.643236,0.624696,0.624389,0.627198,0.637764,0.637142,0.641205,0.634836,0.634783,0.643916,0.638896,0.627934,0.637227,0.635154,0.641872,0.628958,0.63983,0.640116,0.645673,0.643239,0.641056,0.641555,0.643164,0.640901,0.6421551,0.640217,0.6424651,0.640383,0.642201,0.6400819,0.641375,0.640891,0.64191,0.642196,0.641775,0.642678,0.640915,0.643645,0.641274,0.641218,0.640296,0.638888,0.637471,0.637964,0.639912,0.638505,0.641569,0.646436,0.644127,0.642205,0.642067,0.645151,0.642133,0.643473,0.64522,0.645433,0.645153,0.641336,0.646988,0.643187,0.645116,0.643078,0.642461,0.642461,0.643697,0.647223,0.642461,0.646857,0.645194,0.646376
